QDate,SpotPrice
2005-01-03,34.29
2005-01-04,34.05
2005-01-05,34.95
2005-01-06,34.48
2005-01-07,36.52
2005-01-10,37.03
2005-01-11,36.45
2005-01-12,37.39
2005-01-13,37.67
2005-01-14,38.95
2005-01-17,39.37
2005-01-18,40.05
2005-01-19,39.58
2005-01-20,38.62
2005-01-24,40.35
2005-01-25,40.03
2005-01-26,40.65
2005-01-27,40.35
2005-01-28,39.71
2005-01-31,37.9
2005-02-01,39.2
2005-02-02,38.72
2005-02-03,38.4
2005-02-04,38.7
2005-02-07,38.23
2005-02-08,37.675
2005-02-11,38.94
2005-02-14,39.12
2005-02-15,39.43
2005-02-16,39.33
2005-02-17,40.15
2005-02-18,40.05
2005-02-21,40.58
2005-02-22,40.9
2005-02-23,41.525
2005-02-24,41.95
2005-02-25,42
2005-02-28,42.72
2005-03-01,42.72
2005-03-02,43.15
2005-03-03,43.9
2005-03-04,43.95
2005-03-07,43.98
2005-03-08,44.3
2005-03-09,45.47
2005-03-10,45.58
2005-03-11,44.82
2005-03-14,45.7
2005-03-15,46.4
2005-03-16,46.2
2005-03-17,47.93
2005-03-18,47.35
2005-03-21,47.85
2005-03-22,47.78
2005-03-23,47.35
2005-03-24,47
2005-03-28,46.75
2005-03-29,46.2
2005-03-30,46.52
2005-03-31,47.6
2005-04-01,48.3
2005-04-04,50.3
2005-04-05,50.1
2005-04-06,50
2005-04-07,50.1
2005-04-08,48.12
2005-04-11,46.85
2005-04-12,47.885
2005-04-13,45.885
2005-04-14,45.04
2005-04-15,44.87
2005-04-18,44.12
2005-04-19,44.46
2005-04-20,46.27
2005-04-21,46.51
2005-04-22,47.61
2005-04-25,48.28
2005-04-26,47.37
2005-04-27,47.03
2005-04-28,45.68
2005-04-29,46.5
2005-05-03,45.5
2005-05-04,45.18
2005-05-05,46.13
2005-05-06,45.92
2005-05-09,45.37
2005-05-10,45.68
2005-05-11,45.55
2005-05-12,44.97
2005-05-13,44.8
2005-05-16,44.4
2005-05-17,44.45
2005-05-18,44.78
2005-05-19,44.2
2005-05-20,44.82
2005-05-24,45.03
2005-05-25,44.97
2005-05-26,46.13
2005-05-27,46.5
2005-05-30,46.95
2005-05-31,46.635
2005-06-01,47.3
2005-06-02,49.23
2005-06-03,49.1
2005-06-06,49.98
2005-06-07,49.87
2005-06-08,49.3
2005-06-09,49.18
2005-06-10,50.08
2005-06-13,49.43
2005-06-14,51.05
2005-06-15,50.78
2005-06-16,50.65
2005-06-17,51.77
2005-06-20,52.57
2005-06-21,52.77
2005-06-22,52.45
2005-06-23,52.18
2005-06-24,53.23
2005-06-27,53.72
2005-06-28,54.02
2005-06-29,52.87
2005-06-30,52.29
2005-07-01,51.7
2005-07-04,53.225
2005-07-05,53.72
2005-07-06,54.67
2005-07-07,55.5
2005-07-08,55.5
2005-07-11,53.52
2005-07-12,53.7
2005-07-13,54.58
2005-07-14,53.55
2005-07-15,51.6
2005-07-18,52.01
2005-07-19,50.82
2005-07-20,51.66
2005-07-21,50.82
2005-07-22,50.85
2005-07-25,51.65
2005-07-26,51.95
2005-07-27,52.12
2005-07-28,52.55
2005-07-29,53.7
2005-08-01,54.65
2005-08-02,54.82
2005-08-03,55.58
2005-08-04,54.4
2005-08-05,54.585
2005-08-08,55.25
2005-08-10,56.25
2005-08-11,56.8
2005-08-12,57.8
2005-08-15,57.55
2005-08-16,57.61
2005-08-17,57.3
2005-08-18,55.4
2005-08-19,55
2005-08-22,56.35
2005-08-23,56.4
2005-08-24,57.2
2005-08-25,58.25
2005-08-26,58.15
2005-08-29,59.1
2005-08-30,57.97
2005-08-31,58.78
2005-09-01,59.18
2005-09-02,58.9
2005-09-05,57.38
2005-09-06,57.38
2005-09-07,56.68
2005-09-08,55.9
2005-09-09,56.1
2005-09-12,55.55
2005-09-13,54.5
2005-09-14,54.75
2005-09-15,56.6
2005-09-16,56.08
2005-09-19,55.15
2005-09-20,56.98
2005-09-21,57.28
2005-09-22,57.95
2005-09-23,56.7
2005-09-26,55.01
2005-09-27,56.52
2005-09-28,55.86
2005-09-29,56.83
2005-09-30,56.52
2005-10-03,57.75
2005-10-04,56.3
2005-10-05,55.38
2005-10-06,53.87
2005-10-07,53.27
2005-10-10,53.66
2005-10-11,53.85
2005-10-12,54.8
2005-10-13,54.62
2005-10-14,54.05
2005-10-17,54.87
2005-10-18,53.97
2005-10-19,53.36
2005-10-20,52.88
2005-10-21,52.2
2005-10-24,52.2
2005-10-25,52.38
2005-10-26,54.22
2005-10-27,53.82
2005-10-28,53.07
2005-10-31,52.65
2005-11-02,52.97
2005-11-04,54.47
2005-11-07,53.52
2005-11-08,52.75
2005-11-09,53
2005-11-10,52.05
2005-11-11,50.8
2005-11-14,51.2
2005-11-15,50.57
2005-11-16,49.97
2005-11-17,50.8
2005-11-18,50.05
2005-11-21,50.7
2005-11-22,50.9
2005-11-23,51.6
2005-11-24,51.3
2005-11-25,50.55
2005-11-28,50.37
2005-11-29,50.05
2005-11-30,50.15
2005-12-01,51.4
2005-12-02,52.33
2005-12-05,53.2
2005-12-06,53.48
2005-12-07,53.93
2005-12-08,53.37
2005-12-09,55.17
2005-12-12,54.07
2005-12-13,54.88
2005-12-14,55.12
2005-12-15,54.85
2005-12-16,54.23
2005-12-19,52.55
2005-12-20,52.07
2005-12-21,51.95
2005-12-22,52.6
2005-12-23,52
2005-12-27,51.6
2005-12-28,51.64
2005-12-29,53.2
2005-12-30,53.52
2006-01-03,55.18
2006-01-04,56.57
2006-01-05,56.83
2006-01-06,56.52
2006-01-09,57.75
2006-01-11,57.32
2006-01-12,57.83
2006-01-13,57.18
2006-01-16,58.18
2006-01-17,58.47
2006-01-18,59.7
2006-01-19,59.21
2006-01-20,60.28
2006-01-23,61.05
2006-01-24,60.7
2006-01-25,59.76
2006-01-26,59.32
2006-01-27,60.07
2006-02-01,61
2006-02-02,60.38
2006-02-03,58.72
2006-02-06,59.95
2006-02-07,59.18
2006-02-08,58.18
2006-02-09,58.1
2006-02-10,57.82
2006-02-13,57.02
2006-02-14,56.65
2006-02-15,55.72
2006-02-16,54.68
2006-02-17,55.5
2006-02-20,56.8
2006-02-21,57.25
2006-02-22,57.23
2006-02-23,56.3
2006-02-24,57.05
2006-02-27,57.72
2006-02-28,56.85
2006-03-01,57.9
2006-03-02,58.55
2006-03-03,59.9
2006-03-06,59.7
2006-03-07,58.41
2006-03-08,56.87
2006-03-09,55.88
2006-03-10,56.74
2006-03-13,56.41
2006-03-14,57.62
2006-03-15,58.4
2006-03-16,57.06
2006-03-17,58.24
2006-03-20,57.42
2006-03-21,56.16
2006-03-22,56.5
2006-03-23,56.6
2006-03-24,57.5
2006-03-27,57.3
2006-03-28,57.85
2006-03-29,59.02
2006-03-30,59.25
2006-03-31,60.5
2006-04-03,61.89
2006-04-04,61.08
2006-04-05,60.48
2006-04-06,61.72
2006-04-07,61.4
2006-04-10,62
2006-04-11,63.65
2006-04-12,63.55
2006-04-13,63.15
2006-04-17,64.7
2006-04-18,65.62
2006-04-19,65.67
2006-04-20,67
2006-04-21,65.72
2006-04-24,67.55
2006-04-25,66.8
2006-04-26,67.1
2006-04-27,65.3
2006-04-28,64.35
2006-05-02,68.1
2006-05-03,68.35
2006-05-04,66.45
2006-05-05,64.8
2006-05-08,64.93
2006-05-09,64.85
2006-05-10,65.77
2006-05-11,67.25
2006-05-15,65.02
2006-05-16,63.85
2006-05-17,64.32
2006-05-18,62.9
2006-05-19,64.02
2006-05-22,62.17
2006-05-23,63.99
2006-05-24,64.66
2006-05-25,63.46
2006-05-26,64.95
2006-05-29,64.95
2006-05-30,64.97
2006-05-31,65.25
2006-06-01,65.22
2006-06-02,65.21
2006-06-05,67.33
2006-06-06,66.72
2006-06-07,66.55
2006-06-08,64.42
2006-06-09,65.13
2006-06-12,66.77
2006-06-13,64.31
2006-06-14,63.51
2006-06-15,63.96
2006-06-16,63.91
2006-06-19,63.48
2006-06-20,63.66
2006-06-21,63.05
2006-06-22,64.99
2006-06-23,64.85
2006-06-26,64.99
2006-06-27,66.37
2006-06-28,66.32
2006-06-29,66.49
2006-06-30,67.61
2006-07-03,68.82
2006-07-04,68.56
2006-07-05,68.22
2006-07-06,69.52
2006-07-07,69.27
2006-07-10,68.57
2006-07-11,68.34
2006-07-12,68.8
2006-07-13,70.29
2006-07-14,71.99
2006-07-17,72.29
2006-07-18,70.7
2006-07-19,69.24
2006-07-20,68.91
2006-07-21,68.38
2006-07-24,67.66
2006-07-25,69.45
2006-07-26,67.78
2006-07-27,68.64
2006-07-28,69.445
2006-07-31,67.6
2006-08-01,69.32
2006-08-02,70.48
2006-08-03,70.64
2006-08-04,70.8
2006-08-07,71.49
2006-08-08,72.24
2006-08-10,70.85
2006-08-11,70.31
2006-08-14,69.97
2006-08-15,69.34
2006-08-16,68.78
2006-08-17,67.45
2006-08-18,67.39
2006-08-21,68.22
2006-08-22,68.17
2006-08-23,67.86
2006-08-24,67.02
2006-08-25,68.56
2006-08-28,66.52
2006-08-29,66.26
2006-08-30,65.86
2006-08-31,65.3
2006-09-01,66.14
2006-09-04,64.905
2006-09-05,63.71
2006-09-06,63.905
2006-09-07,63.57
2006-09-08,62.74
2006-09-11,61.43
2006-09-12,61.42
2006-09-13,59.26
2006-09-14,60.06
2006-09-15,59.16
2006-09-18,58.8
2006-09-19,59.15
2006-09-20,56.47
2006-09-21,56.12
2006-09-22,56.75
2006-09-25,54.92
2006-09-26,56.22
2006-09-27,56.03
2006-09-28,57.48
2006-09-29,57.895
2006-10-02,59.13
2006-10-03,56.9
2006-10-04,55.3
2006-10-05,56.41
2006-10-06,56.53
2006-10-09,56.74
2006-10-10,57.09
2006-10-11,55.22
2006-10-12,55.39
2006-10-13,55.88
2006-10-16,56.71
2006-10-17,57.7
2006-10-18,56.86
2006-10-19,55.76
2006-10-20,56.98
2006-10-23,54.97
2006-10-25,55.98
2006-10-26,57.58
2006-10-27,56.57
2006-10-30,56.72
2006-10-31,54.48
2006-11-01,56.12
2006-11-02,56.22
2006-11-03,55.63
2006-11-06,56.35
2006-11-07,57.7
2006-11-08,56.45
2006-11-09,57.47
2006-11-10,58.54
2006-11-13,57.65
2006-11-14,56.91
2006-11-15,56.69
2006-11-16,57.07
2006-11-17,55.53
2006-11-20,55.205
2006-11-21,55.75
2006-11-22,56.6
2006-11-23,55.92
2006-11-24,55.99
2006-11-27,56.78
2006-11-28,57.03
2006-11-29,57.45
2006-11-30,58.7
2006-12-01,60.23
2006-12-04,60.87
2006-12-05,60.15
2006-12-06,60.105
2006-12-07,59.705
2006-12-08,59.105
2006-12-11,58.37
2006-12-12,57.91
2006-12-13,57.45
2006-12-14,57.83
2006-12-15,59.19
2006-12-18,59.21
2006-12-19,57.8
2006-12-20,58.505
2006-12-21,58.955
2006-12-22,58.59
2006-12-26,59.05
2006-12-27,57.28
2006-12-28,56.755
2006-12-29,56.63
2007-01-03,57.35
2007-01-04,55.32
2007-01-05,52.54
2007-01-08,53.59
2007-01-09,52.76
2007-01-10,52.3
2007-01-11,50.2
2007-01-12,49.98
2007-01-15,50.58
2007-01-16,50.22
2007-01-17,49.09
2007-01-18,49.97
2007-01-19,48.88
2007-01-22,50.75
2007-01-23,50.22
2007-01-24,51.66
2007-01-25,52.13
2007-01-26,51.58
2007-01-29,52.47
2007-01-30,50.94
2007-01-31,53.03
2007-02-01,54.73
2007-02-02,54.56
2007-02-05,55.63
2007-02-06,55.9
2007-02-07,55.67
2007-02-08,54.75
2007-02-09,56.57
2007-02-12,56.07
2007-02-13,54.61
2007-02-14,55.46
2007-02-15,54.18
2007-02-16,54.29
2007-02-21,54.26
2007-02-22,55.61
2007-02-23,57.61
2007-02-26,58.1
2007-02-27,58.22
2007-02-28,57.32
2007-03-01,58.83
2007-03-02,59.11
2007-03-05,58.01
2007-03-06,57.9
2007-03-07,58.51
2007-03-08,59.6
2007-03-09,59.25
2007-03-12,58.03
2007-03-13,57.55
2007-03-14,57.67
2007-03-15,57.86
2007-03-16,56.95
2007-03-19,57.19
2007-03-20,57.27
2007-03-21,57.13
2007-03-22,57.57
2007-03-23,58.66
2007-03-26,59.785
2007-03-27,60.52
2007-03-28,61.7
2007-03-29,61.44
2007-03-30,63.09
2007-04-02,63.27
2007-04-03,64.06
2007-04-04,63.23
2007-04-05,64.55
2007-04-09,64.21
2007-04-10,63.42
2007-04-11,64.15
2007-04-12,64.25
2007-04-13,65.61
2007-04-16,65.16
2007-04-17,64
2007-04-18,62.68
2007-04-19,62.4
2007-04-20,62.73
2007-04-23,63.15
2007-04-24,64.63
2007-04-25,63.88
2007-04-26,64.72
2007-04-27,64.47
2007-04-30,64.785
2007-05-01,0
2007-05-02,64.27
2007-05-03,63.75
2007-05-04,63.695
2007-05-07,62.995
2007-05-08,62.555
2007-05-09,62.905
2007-05-10,62.505
2007-05-11,63.52
2007-05-14,64.53
2007-05-15,63.895
2007-05-16,64.91
2007-05-17,64.945
2007-05-18,65.99
2007-05-21,65.91
2007-05-22,66.69
2007-05-23,65.62
2007-05-24,66.63
2007-05-25,66.48
2007-05-28,65.74
2007-05-29,65.42
2007-05-30,63.86
2007-06-01,63.87
2007-06-04,64.65
2007-06-05,65.27
2007-06-06,65.43
2007-06-07,65.78
2007-06-08,65.89
2007-06-11,64.36
2007-06-12,65.07
2007-06-13,64.75
2007-06-14,65.68
2007-06-15,66.27
2007-06-18,66.75
2007-06-19,67.205
2007-06-20,67.07
2007-06-21,66.58
2007-06-22,65.905
2007-06-25,66.29
2007-06-26,66.805
2007-06-27,65.93
2007-06-28,65.92
2007-06-29,66.12
2007-07-02,67.18
2007-07-03,68.03
2007-07-04,68.18
2007-07-05,68.08
2007-07-06,68.855
2007-07-09,69.33
2007-07-10,69.605
2007-07-11,70.255
2007-07-12,69.8
2007-07-13,69.98
2007-07-16,70.28
2007-07-17,69.12
2007-07-18,68.88
2007-07-19,70.85
2007-07-20,71.23
2007-07-23,70.9
2007-07-24,70.23
2007-07-25,69.35
2007-07-26,71.08
2007-07-27,69.5
2007-07-30,69.43
2007-07-31,68.68
2007-08-01,70.73
2007-08-02,69.43
2007-08-03,69.65
2007-08-06,68.85
2007-08-07,66.3
2007-08-08,66.93
2007-08-10,65.87
2007-08-13,66.38
2007-08-14,66.35
2007-08-15,66.9
2007-08-16,66.78
2007-08-17,66.73
2007-08-20,67.38
2007-08-21,66.95
2007-08-22,66.47
2007-08-23,66.38
2007-08-24,66.63
2007-08-27,67.33
2007-08-28,67.53
2007-08-29,66.87
2007-08-30,67.81
2007-08-31,68.155
2007-09-03,69.02
2007-09-04,69.29
2007-09-05,70.4
2007-09-06,70.84
2007-09-07,70.96
2007-09-10,71.6
2007-09-11,72.35
2007-09-12,73.37
2007-09-13,73.81
2007-09-14,73.6
2007-09-17,73.05
2007-09-18,74.26
2007-09-19,74.95
2007-09-20,75
2007-09-21,75.95
2007-09-24,76.2
2007-09-25,75.89
2007-09-26,75.09
2007-09-27,74.91
2007-09-28,76.69
2007-10-01,74.67
2007-10-02,73.08
2007-10-03,73.02
2007-10-04,72.555
2007-10-05,74.55
2007-10-08,74.47
2007-10-09,72.25
2007-10-10,73.65
2007-10-11,74.66
2007-10-12,75.3
2007-10-15,76.02
2007-10-16,78.34
2007-10-17,78.27
2007-10-18,78.22
2007-10-19,79.495
2007-10-22,78.18
2007-10-23,78.42
2007-10-24,78.12
2007-10-25,80.28
2007-10-26,82.72
2007-10-29,83.26
2007-10-30,83.73
2007-10-31,80.55
2007-11-01,85.82
2007-11-02,84.48
2007-11-05,85.77
2007-11-06,86.24
2007-11-07,88.82
2007-11-09,87.68
2007-11-12,87.1
2007-11-13,85.67
2007-11-14,83.945
2007-11-15,84.77
2007-11-16,84.85
2007-11-19,86.84
2007-11-20,87.02
2007-11-21,89.92
2007-11-22,89.12
2007-11-23,89.03
2007-11-26,90.13
2007-11-27,88.695
2007-11-28,86.695
2007-11-29,86.58
2007-11-30,85.08
2007-12-03,83.45
2007-12-04,84.5
2007-12-05,84.53
2007-12-06,83
2007-12-07,84.73
2007-12-10,82.98
2007-12-11,83.365
2007-12-12,84.17
2007-12-13,87.38
2007-12-14,86.94
2007-12-17,86.75
2007-12-18,86.47
2007-12-19,85.8
2007-12-21,85.78
2007-12-26,87.42
2007-12-27,88.26
2007-12-28,89.32
2008-01-02,89.22
2008-01-03,92.025
2008-01-04,92.6
2008-01-07,91.57
2008-01-08,90.17
2008-01-09,90.6
2008-01-10,89.03
2008-01-11,87.77
2008-01-14,86.92
2008-01-15,87.97
2008-01-16,85.82
2008-01-17,85.87
2008-01-18,85.01
2008-01-21,84.42
2008-01-22,81.75
2008-01-23,84.38
2008-01-24,83.33
2008-01-25,85.71
2008-01-28,85.82
2008-01-29,86.93
2008-01-30,87.78
2008-01-31,87.395
2008-02-01,87.1
2008-02-04,85.57
2008-02-05,85.92
2008-02-06,84.13
2008-02-11,87.29
2008-02-12,88.62
2008-02-13,88.56
2008-02-14,89.21
2008-02-15,90.28
2008-02-18,90.39
2008-02-19,90.9
2008-02-20,92.76
2008-02-21,92.95
2008-02-22,91.02
2008-02-25,92.22
2008-02-26,91.98
2008-02-27,94.28
2008-02-28,92.53
2008-02-29,94.7
2008-03-03,95.07
2008-03-04,95.72
2008-03-05,92.9
2008-03-06,95.78
2008-03-07,96.13
2008-03-10,96
2008-03-11,96.92
2008-03-12,97.68
2008-03-13,98.83
2008-03-14,100.17
2008-03-17,101.08
2008-03-18,96.87
2008-03-19,99.4
2008-03-20,94
2008-03-24,94.22
2008-03-25,94.82
2008-03-26,95.63
2008-03-27,98.28
2008-03-28,98.23
2008-03-31,97.41
2008-04-01,94.43
2008-04-02,95.08
2008-04-03,97.04
2008-04-04,96.7
2008-04-07,98.8
2008-04-08,100.37
2008-04-09,99.59
2008-04-10,102.18
2008-04-11,102.12
2008-04-14,101.67
2008-04-15,103.23
2008-04-16,104.7
2008-04-17,106.42
2008-04-18,106
2008-04-21,107.8
2008-04-22,107.9
2008-04-23,109.53
2008-04-24,109.33
2008-04-25,106.75
2008-04-28,110.2
2008-04-29,108.745
2008-04-30,106.48
2008-05-02,104.89
2008-05-05,109.8
2008-05-06,113.25
2008-05-07,114.95
2008-05-08,116.35
2008-05-09,118.3
2008-05-12,120.12
2008-05-13,118.26
2008-05-14,119.49
2008-05-15,119.17
2008-05-16,118.405
2008-05-20,120.25
2008-05-21,123.75
2008-05-22,128.98
2008-05-23,126.21
2008-05-26,126.26
2008-05-27,126.56
2008-05-28,120.9
2008-05-29,123.89
2008-05-30,120.155
2008-06-02,120.8
2008-06-03,122.22
2008-06-04,118.82
2008-06-05,117.8
2008-06-06,122.85
2008-06-09,130.75
2008-06-10,127.6
2008-06-11,127.53
2008-06-12,130.05
2008-06-13,130.8
2008-06-16,128.73
2008-06-17,129.38
2008-06-18,128.2
2008-06-19,130.3
2008-06-20,127.04
2008-06-23,130
2008-06-24,130.87
2008-06-25,130.75
2008-06-26,128.28
2008-06-27,135.08
2008-06-30,136.325
2008-07-01,136.47
2008-07-02,136.8
2008-07-03,140.45
2008-07-04,140.77
2008-07-07,138.85
2008-07-08,137.52
2008-07-09,134.15
2008-07-10,132.8
2008-07-11,139.05
2008-07-14,139.05
2008-07-15,140.24
2008-07-16,134.05
2008-07-17,131.1
2008-07-18,128.1
2008-07-21,127.58
2008-07-22,128.93
2008-07-23,123.54
2008-07-24,120.85
2008-07-25,122.49
2008-07-28,121.2
2008-07-29,122.35
2008-07-30,119.8
2008-07-31,123.15
2008-08-01,120.45
2008-08-04,122.49
2008-08-05,117.45
2008-08-06,116.09
2008-08-07,115.38
2008-08-08,114.18
2008-08-11,113.19
2008-08-12,110.15
2008-08-13,109.6
2008-08-14,111.95
2008-08-15,108
2008-08-18,109.45
2008-08-19,107.95
2008-08-20,110.58
2008-08-21,112.2
2008-08-22,116.68
2008-08-25,111.28
2008-08-26,109.9
2008-08-27,111.25
2008-08-28,111.19
2008-08-29,110.55
2008-09-01,111.55
2008-09-02,101.38
2008-09-03,102.98
2008-09-04,104.5
2008-09-05,101.35
2008-09-08,101.5
2008-09-09,98.7
2008-09-10,97.6
2008-09-11,95.41
2008-09-12,95.25
2008-09-15,92.04
2008-09-16,86.15
2008-09-17,86.86
2008-09-18,87.82
2008-09-19,89.2
2008-09-22,94.2
2008-09-23,95.62
2008-09-24,96.42
2008-09-25,94.71
2008-09-26,95.3
2008-09-29,93.68
2008-09-30,87.66
2008-10-02,89.25
2008-10-03,84.55
2008-10-06,79.45
2008-10-07,77.85
2008-10-08,74.35
2008-10-09,76.3
2008-10-10,71.65
2008-10-13,70.7
2008-10-14,73.55
2008-10-15,68.42
2008-10-16,61.62
2008-10-17,61
2008-10-20,62.7
2008-10-21,63.37
2008-10-22,59.63
2008-10-23,58.25
2008-10-24,56.42
2008-10-28,55.02
2008-10-29,55.35
2008-10-30,60.41
2008-10-31,56.01
2008-11-03,60.42
2008-11-04,55.31
2008-11-05,59.27
2008-11-06,56.17
2008-11-07,54.02
2008-11-10,55.73
2008-11-11,52.86
2008-11-12,50.98
2008-11-13,47.15
2008-11-14,49.3
2008-11-17,47.75
2008-11-18,46.62
2008-11-19,45.85
2008-11-20,44.83
2008-11-21,42.85
2008-11-24,42.78
2008-11-25,45.9
2008-11-26,44
2008-11-27,47.11
2008-11-28,47.95
2008-12-01,47.39
2008-12-02,42.5
2008-12-03,41.84
2008-12-04,40.95
2008-12-05,39
2008-12-09,39.85
2008-12-10,39.37
2008-12-11,39.93
2008-12-12,42.67
2008-12-15,43.75
2008-12-16,42.43
2008-12-17,43.55
2008-12-18,42.35
2008-12-19,40.5
2008-12-22,40.57
2008-12-23,37.35
2008-12-24,36.87
2008-12-29,36.74
2008-12-30,36.65
2008-12-31,36.4
2009-01-02,42.92
2009-01-05,45.77
2009-01-06,48.48
2009-01-07,50.2
2009-01-08,45.72
2009-01-09,45.97
2009-01-12,44.22
2009-01-13,42.25
2009-01-14,45
2009-01-15,44.24
2009-01-16,45.28
2009-01-19,43.58
2009-01-20,40.57
2009-01-21,40.61
2009-01-22,42.12
2009-01-23,42.16
2009-01-28,42.45
2009-01-29,42.78
2009-01-30,44.02
2009-02-02,44.78
2009-02-03,42.77
2009-02-04,42.88
2009-02-05,43.48
2009-02-06,45.53
2009-02-09,45.13
2009-02-10,45.55
2009-02-11,44.63
2009-02-12,44.5
2009-02-13,44.43
2009-02-16,43.35
2009-02-17,42.68
2009-02-18,40.43
2009-02-19,40.17
2009-02-20,41.08
2009-02-23,41.35
2009-02-24,40.13
2009-02-25,41.4
2009-02-26,43.37
2009-02-27,44.16
2009-03-02,43.75
2009-03-03,41.42
2009-03-04,42.15
2009-03-05,44.15
2009-03-06,43.05
2009-03-09,43.88
2009-03-10,43.05
2009-03-11,43.1
2009-03-12,41.4
2009-03-13,44
2009-03-16,42.17
2009-03-17,43.75
2009-03-18,46.05
2009-03-19,46.56
2009-03-20,48.75
2009-03-23,49.55
2009-03-24,50.16
2009-03-25,50.05
2009-03-26,50.3
2009-03-27,50.74
2009-03-30,48.17
2009-03-31,46.695
2009-04-01,47.18
2009-04-02,48.43
2009-04-03,51.02
2009-04-06,52.845
2009-04-07,51.55
2009-04-08,49.33
2009-04-09,52.145
2009-04-13,52.3
2009-04-14,51.11
2009-04-15,51.55
2009-04-16,51.65
2009-04-17,51.17
2009-04-20,50.97
2009-04-21,48.68
2009-04-22,48.65
2009-04-23,48.25
2009-04-24,49.08
2009-04-27,48.8
2009-04-28,48.1
2009-04-29,49.25
2009-04-30,50.05
2009-05-04,52.61
2009-05-05,53.43
2009-05-06,54.17
2009-05-07,57
2009-05-08,56.88
2009-05-11,56.82
2009-05-12,57.45
2009-05-13,58.18
2009-05-14,56.53
2009-05-15,57.93
2009-05-18,55.92
2009-05-19,58.68
2009-05-20,58.6
2009-05-21,59.32
2009-05-22,59.53
2009-05-25,59.17
2009-05-26,58.63
2009-05-27,61.08
2009-05-28,61.28
2009-05-29,63.855
2009-06-01,66.42
2009-06-02,66.72
2009-06-03,67.83
2009-06-04,66.95
2009-06-05,69.17
2009-06-08,67.25
2009-06-09,69.25
2009-06-10,70.9
2009-06-11,71.19
2009-06-12,71.55
2009-06-15,70.85
2009-06-16,70.2
2009-06-17,70.25
2009-06-18,71.09
2009-06-19,71.45
2009-06-22,69.35
2009-06-23,66.8
2009-06-24,68.95
2009-06-25,69.15
2009-06-26,70.75
2009-06-29,69.4
2009-06-30,71.54
2009-07-01,70
2009-07-02,68.01
2009-07-03,66.77
2009-07-06,64.3
2009-07-07,64
2009-07-08,62.48
2009-07-09,61.8
2009-07-10,60.88
2009-07-13,60.5
2009-07-14,62.05
2009-07-15,61.97
2009-07-16,63.05
2009-07-17,62.75
2009-07-20,64.55
2009-07-21,64.4
2009-07-22,64.2
2009-07-23,65.6
2009-07-24,67.4
2009-07-27,68.65
2009-07-28,68.75
2009-07-29,66.63
2009-07-30,64.55
2009-07-31,67.55
2009-08-03,71.28
2009-08-04,71.2
2009-08-05,72.27
2009-08-06,73
2009-08-07,71.7
2009-08-11,71.8
2009-08-12,70.88
2009-08-13,72.31
2009-08-14,72.6
2009-08-17,68.42
2009-08-18,69.26
2009-08-19,69.98
2009-08-20,72.73
2009-08-21,71.76
2009-08-24,72.66
2009-08-25,72.1
2009-08-26,70.88
2009-08-27,70.13
2009-08-28,71.45
2009-08-31,70.4
2009-09-01,69.18
2009-09-02,67.1
2009-09-03,67.75
2009-09-04,67
2009-09-07,66.95
2009-09-08,67.35
2009-09-09,69.1
2009-09-10,69.95
2009-09-11,69.22
2009-09-14,67.1
2009-09-15,67.35
2009-09-16,68.8
2009-09-17,70.55
2009-09-18,69.85
2009-09-22,68.58
2009-09-23,69.52
2009-09-24,66.55
2009-09-25,64.57
2009-09-28,63.92
2009-09-29,64.855
2009-09-30,65.255
2009-10-01,68.32
2009-10-02,68.07
2009-10-05,67.72
2009-10-06,68.42
2009-10-07,68.71
2009-10-08,67.65
2009-10-09,69.05
2009-10-12,70.28
2009-10-13,71.53
2009-10-14,72.505
2009-10-15,73.4
2009-10-16,75.25
2009-10-19,75.98
2009-10-20,76.33
2009-10-21,75.75
2009-10-22,77.805
2009-10-23,78.48
2009-10-26,77.82
2009-10-27,76.8
2009-10-28,76.87
2009-10-29,75.51
2009-10-30,77.07
2009-11-02,75.57
2009-11-03,76.24
2009-11-04,78.3
2009-11-05,78.5
2009-11-06,78.85
2009-11-09,77.4
2009-11-10,77.48
2009-11-11,78.23
2009-11-12,78.5
2009-11-13,77.27
2009-11-16,77.43
2009-11-17,78.35
2009-11-18,78.96
2009-11-19,78.67
2009-11-20,77.55
2009-11-23,77.95
2009-11-24,77.13
2009-11-25,76.9
2009-11-26,77.46
2009-11-30,77.55
2009-12-01,79.17
2009-12-02,79.57
2009-12-03,79.22
2009-12-04,78.37
2009-12-07,78.06
2009-12-08,77.36
2009-12-09,76.52
2009-12-10,73.71
2009-12-11,73.1
2009-12-14,72.26
2009-12-15,72.13
2009-12-16,73.04
2009-12-17,73.16
2009-12-18,72.7
2009-12-21,72.87
2009-12-22,72.195
2009-12-23,72.78
2009-12-24,75.195
2009-12-28,75.52
2009-12-29,76.955
2009-12-30,77.445
2009-12-31,77.945
2010-01-04,78.29
2010-01-05,79.74
2010-01-06,79.8
2010-01-07,80.68
2010-01-08,80.33
2010-01-11,81.3
2010-01-12,80.03
2010-01-13,77.95
2010-01-14,78.5
2010-01-15,77.6
2010-01-18,76.46
2010-01-19,76.15
2010-01-20,76.44
2010-01-21,75.9
2010-01-22,74.36
2010-01-25,72.27
2010-01-26,72.28
2010-01-27,72.26
2010-01-28,72.17
2010-01-29,71.29
2010-02-01,71.17
2010-02-02,72.8
2010-02-03,75.97
2010-02-04,74.77
2010-02-05,70.61
2010-02-08,69.4
2010-02-09,69.97
2010-02-10,71.33
2010-02-11,72.24
2010-02-12,72.72
2010-02-17,74.97
2010-02-18,73.8
2010-02-19,74.7
2010-02-22,76.38
2010-02-23,76.5
2010-02-24,75.3
2010-02-25,75.88
2010-02-26,74.13
2010-03-01,76.48
2010-03-02,75.15
2010-03-03,76.05
2010-03-04,76.52
2010-03-05,76.97
2010-03-08,78.1
2010-03-09,77.55
2010-03-10,77.5
2010-03-11,77.85
2010-03-12,78.3
2010-03-15,77.4
2010-03-16,75.9
2010-03-17,78.01
2010-03-18,77.66
2010-03-19,78
2010-03-22,76.65
2010-03-23,77.42
2010-03-24,77.39
2010-03-25,77.22
2010-03-26,77.65
2010-03-29,77.3
2010-03-30,78.46
2010-03-31,78.65
2010-04-01,80.27
2010-04-05,82.23
2010-04-06,83.11
2010-04-07,83.6
2010-04-08,82.81
2010-04-09,83.75
2010-04-12,83.62
2010-04-13,82.98
2010-04-14,83.44
2010-04-15,84.35
2010-04-16,84.8
2010-04-19,82.4
2010-04-20,83.11
2010-04-21,83.42
2010-04-22,84.06
2010-04-23,83.74
2010-04-26,85.32
2010-04-27,84.69
2010-04-28,83.34
2010-04-29,84.57
2010-04-30,85.77
2010-05-03,86.04
2010-05-04,87.36
2010-05-05,83.97
2010-05-06,81.37
2010-05-07,79.22
2010-05-10,80.7
2010-05-11,79.26
2010-05-12,80.89
2010-05-13,81.23
2010-05-14,79.13
2010-05-17,75.81
2010-05-18,75.11
2010-05-19,72.21
2010-05-20,72.12
2010-05-21,69.63
2010-05-24,70.15
2010-05-25,68.22
2010-05-26,69.12
2010-05-27,70.73
2010-05-31,73.31
2010-06-01,72.06
2010-06-02,71.82
2010-06-03,74.4
2010-06-04,75.02
2010-06-07,70.8
2010-06-08,71.75
2010-06-09,71.52
2010-06-10,72.88
2010-06-11,73.98
2010-06-14,74.55
2010-06-15,73.8
2010-06-16,74.82
2010-06-17,76.12
2010-06-18,76.05
2010-06-21,76.82
2010-06-22,75.65
2010-06-23,75.65
2010-06-24,73.73
2010-06-25,73.95
2010-06-28,75.6
2010-06-29,73.5
2010-06-30,73.21
2010-07-01,71.84
2010-07-02,70.49
2010-07-05,69.85
2010-07-06,70.01
2010-07-07,69.15
2010-07-08,71.97
2010-07-09,73.05
2010-07-12,72.61
2010-07-13,71.56
2010-07-14,74.07
2010-07-15,73.55
2010-07-16,73.28
2010-07-19,72.62
2010-07-20,73.03
2010-07-21,73.58
2010-07-22,72.19
2010-07-23,74.25
2010-07-26,73.35
2010-07-27,74.12
2010-07-28,73.145
2010-07-29,73.24
2010-07-30,73.75
2010-08-02,75.78
2010-08-03,77.03
2010-08-04,77.95
2010-08-05,78.28
2010-08-06,78.25
2010-08-10,77.03
2010-08-11,76.08
2010-08-12,74.2
2010-08-13,73.01
2010-08-16,72.56
2010-08-17,72.98
2010-08-18,73.5
2010-08-19,74
2010-08-20,72.7
2010-08-23,71.75
2010-08-24,70.55
2010-08-25,70.55
2010-08-26,71.38
2010-08-27,72.03
2010-08-30,73.4
2010-08-31,72.8
2010-09-01,72.84
2010-09-02,73.67
2010-09-03,74.08
2010-09-06,74.23
2010-09-07,73.63
2010-09-08,74.45
2010-09-09,75.25
2010-09-13,75.25
2010-09-14,75.76
2010-09-15,75.95
2010-09-16,76.25
2010-09-17,76.25
2010-09-20,75.36
2010-09-21,76.29
2010-09-22,75.3
2010-09-23,74.71
2010-09-24,74.85
2010-09-27,75.72
2010-09-28,74.67
2010-09-29,75.75
2010-09-30,77.25
2010-10-01,79.6
2010-10-04,79.93
2010-10-05,79.98
2010-10-06,81.48
2010-10-07,81.88
2010-10-08,79.55
2010-10-11,80.73
2010-10-12,79.72
2010-10-13,81.01
2010-10-14,81.52
2010-10-15,80.74
2010-10-18,78.62
2010-10-19,80.72
2010-10-20,78.93
2010-10-21,80.43
2010-10-22,79.08
2010-10-25,80.88
2010-10-26,79.93
2010-10-27,79.83
2010-10-28,80.22
2010-10-29,79.77
2010-11-01,80.48
2010-11-02,82.35
2010-11-03,82.92
2010-11-04,84.72
2010-11-08,85.27
2010-11-09,85.42
2010-11-10,85.8
2010-11-11,86.67
2010-11-12,84.7
2010-11-15,84.46
2010-11-16,84.16
2010-11-18,81.87
2010-11-19,82.85
2010-11-22,82.62
2010-11-23,81.45
2010-11-24,81.53
2010-11-25,83.45
2010-11-26,83.55
2010-11-29,84.02
2010-11-30,84.755
2010-12-01,84.1
2010-12-02,86.26
2010-12-03,86.95
2010-12-06,88.66
2010-12-07,88.56
2010-12-08,88.255
2010-12-09,89.07
2010-12-10,88.9
2010-12-13,88.75
2010-12-14,89.18
2010-12-15,88.65
2010-12-16,89.7
2010-12-17,89.93
2010-12-20,89.48
2010-12-21,90.11
2010-12-22,90.66
2010-12-23,90.57
2010-12-24,91.83
2010-12-28,90.53
2010-12-29,90.38
2010-12-30,90.03
2010-12-31,88.505
2011-01-04,91.58
2011-01-05,89.87
2011-01-06,92.15
2011-01-07,90.62
2011-01-10,90.5
2011-01-11,92.1
2011-01-12,93.94
2011-01-13,93.54
2011-01-14,93.21
2011-01-17,93.11
2011-01-18,93.22
2011-01-19,93.32
2011-01-20,92.95
2011-01-21,92.5
2011-01-24,93.04
2011-01-25,91.91
2011-01-26,91.76
2011-01-27,93.18
2011-01-28,93.37
2011-01-31,94.45
2011-02-01,95.62
2011-02-02,97.14
2011-02-07,95.82
2011-02-08,96.06
2011-02-09,96.62
2011-02-10,97.58
2011-02-11,97.54
2011-02-14,97.12
2011-02-15,98.99
2011-02-16,97.94
2011-02-17,99.5
2011-02-18,98.82
2011-02-21,100.36
2011-02-22,104
2011-02-23,104.61
2011-02-24,111.59
2011-02-25,107.5
2011-02-28,107.495
2011-03-01,106.52
2011-03-02,109.12
2011-03-03,109.94
2011-03-04,110.82
2011-03-07,111.63
2011-03-08,109.39
2011-03-09,108.68
2011-03-10,110.75
2011-03-11,108.42
2011-03-14,106.35
2011-03-15,106.35
2011-03-16,104.5
2011-03-17,105.95
2011-03-18,110.38
2011-03-21,108.77
2011-03-22,108.69
2011-03-23,109.88
2011-03-24,109.57
2011-03-25,109.58
2011-03-28,108.74
2011-03-29,107.98
2011-03-30,108.79
2011-03-31,109.48
2011-04-01,111
2011-04-04,112.49
2011-04-05,113.61
2011-04-06,115.3
2011-04-07,115.555
2011-04-08,117.21
2011-04-11,118.36
2011-04-12,116.59
2011-04-13,114.06
2011-04-14,116.02
2011-04-15,115.12
2011-04-18,116.02
2011-04-19,114.05
2011-04-20,115.69
2011-04-21,117.78
2011-04-25,117.96
2011-04-26,117.39
2011-04-27,117.69
2011-04-28,119.61
2011-04-29,118.59
2011-05-03,118.14
2011-05-04,116.27
2011-05-05,114.74
2011-05-06,101.25
2011-05-09,105.99
2011-05-10,109.59
2011-05-11,111.38
2011-05-12,105.5
2011-05-13,108.2
2011-05-16,106.7
2011-05-18,105.99
2011-05-19,106.75
2011-05-20,106.49
2011-05-23,104.32
2011-05-24,105.63
2011-05-25,105.3
2011-05-26,108.555
2011-05-27,109.205
2011-05-30,108
2011-05-31,109.505
2011-06-01,110.31
2011-06-02,108.12
2011-06-03,108.555
2011-06-06,108.355
2011-06-07,108.555
2011-06-08,109.59
2011-06-09,111.34
2011-06-10,112.09
2011-06-13,111.705
2011-06-14,111.705
2011-06-15,112.155
2011-06-16,108.7
2011-06-17,105.9
2011-06-20,106.25
2011-06-21,107.15
2011-06-22,105.9
2011-06-23,106.54
2011-06-24,102.73
2011-06-27,101.11
2011-06-28,102.59
2011-06-29,104.69
2011-06-30,106.905
2011-07-01,105.91
2011-07-04,106.04
2011-07-05,104.97
2011-07-06,106.71
2011-07-07,108.29
2011-07-08,111.58
2011-07-11,110.11
2011-07-12,108.89
2011-07-13,111.3
2011-07-14,111.1
2011-07-15,109.65
2011-07-18,110.51
2011-07-19,110.67
2011-07-20,111.81
2011-07-21,111.36
2011-07-22,112
2011-07-25,111.8
2011-07-26,112.1
2011-07-27,112
2011-07-28,112
2011-07-29,111.05
2011-08-01,112.79
2011-08-02,109.86
2011-08-03,109.56
2011-08-04,107.19
2011-08-05,101.18
2011-08-08,101.65
2011-08-10,100.05
2011-08-11,101.95
2011-08-12,102.11
2011-08-15,102.9
2011-08-16,103.53
2011-08-17,104.96
2011-08-18,105.28
2011-08-19,101.09
2011-08-22,102.08
2011-08-23,104.61
2011-08-24,104.91
2011-08-25,106.72
2011-08-26,106.11
2011-08-29,107.01
2011-08-31,109.81
2011-09-01,109.51
2011-09-02,109.21
2011-09-05,106.95
2011-09-06,106.4
2011-09-07,109.1
2011-09-08,110.41
2011-09-09,109.39
2011-09-12,105.2
2011-09-13,106.75
2011-09-14,106.3
2011-09-15,107
2011-09-16,109.65
2011-09-19,108.41
2011-09-20,106.85
2011-09-21,107.65
2011-09-22,104.86
2011-09-23,104.11
2011-09-26,100.4
2011-09-27,103.54
2011-09-28,103.9
2011-09-29,102.155
2011-09-30,100.96
2011-10-03,97.66
2011-10-04,96.45
2011-10-05,97.41
2011-10-06,99.25
2011-10-07,100.855
2011-10-10,101.44
2011-10-11,102.29
2011-10-12,104.77
2011-10-13,104.42
2011-10-14,105.77
2011-10-17,108.96
2011-10-18,105.76
2011-10-19,107.11
2011-10-20,105.21
2011-10-21,106
2011-10-24,106.83
2011-10-25,107.74
2011-10-27,107
2011-10-28,108.2
2011-10-31,105.92
2011-11-01,104.61
2011-11-02,106.75
2011-11-03,105.16
2011-11-04,107.76
2011-11-08,111.86
2011-11-09,111.6
2011-11-10,109.6
2011-11-11,111.47
2011-11-14,112.15
2011-11-15,111.37
2011-11-16,111.4
2011-11-17,110.93
2011-11-18,108.88
2011-11-21,107.8
2011-11-22,107.9
2011-11-23,108.5
2011-11-24,107.85
2011-11-25,107.6
2011-11-28,108.1
2011-11-29,108.3
2011-11-30,109.405
2011-12-01,108.71
2011-12-02,108.86
2011-12-05,109.55
2011-12-06,108.5
2011-12-07,109.85
2011-12-08,109.18
2011-12-09,106.65
2011-12-12,106.86
2011-12-13,106.39
2011-12-14,107.405
2011-12-15,104.095
2011-12-16,102.65
2011-12-19,101.45
2011-12-20,102.82
2011-12-21,105.68
2011-12-22,106.2
2011-12-23,106.67
2011-12-27,106.2
2011-12-28,106.6
2011-12-29,105.28
2011-12-30,105.46
2012-01-03,105.6
2012-01-04,108.58
2012-01-05,110.81
2012-01-06,109.995
2012-01-09,110.895
2012-01-10,110.795
2012-01-11,111.12
2012-01-12,111.26
2012-01-13,110.31
2012-01-16,110.07
2012-01-17,110.81
2012-01-18,110.11
2012-01-19,109.94
2012-01-20,110.35
2012-01-25,108.91
2012-01-26,109.33
2012-01-27,108.91
2012-01-30,109.38
2012-01-31,109.1
2012-02-01,109.15
2012-02-02,109.705
2012-02-03,109.705
2012-02-06,111.505
2012-02-07,113.205
2012-02-08,113.81
2012-02-09,114.53
2012-02-10,115.38
2012-02-13,115.97
2012-02-14,115.28
2012-02-15,116.5
2012-02-16,116.25
2012-02-17,117.32
2012-02-20,117.9
2012-02-21,117.78
2012-02-22,119.41
2012-02-23,120.21
2012-02-24,121.53
2012-02-27,122.5
2012-02-28,121.8
2012-02-29,120.01
2012-03-01,119.81
2012-03-02,122.23
2012-03-05,121.02
2012-03-06,121.65
2012-03-07,120.69
2012-03-08,123.3
2012-03-09,123.63
2012-03-12,123.58
2012-03-13,124.2
2012-03-14,124.16
2012-03-15,123.63
2012-03-16,122.25
2012-03-19,123.86
2012-03-20,123.17
2012-03-21,123.09
2012-03-22,122
2012-03-23,122.19
2012-03-26,122.8
2012-03-27,123.155
2012-03-28,121.755
2012-03-29,121.705
2012-03-30,120.405
2012-04-02,119.82
2012-04-03,121.98
2012-04-04,122.02
2012-04-05,120.75
2012-04-09,119.66
2012-04-10,119.13
2012-04-11,116.75
2012-04-12,117.6
2012-04-13,118.3
2012-04-16,116.15
2012-04-17,115.25
2012-04-18,115.57
2012-04-19,115.43
2012-04-20,115.34
2012-04-23,114.52
2012-04-24,114.41
2012-04-25,115.02
2012-04-26,115.76
2012-04-27,116.27
2012-04-30,116.33
2012-05-02,116.6
2012-05-03,115.52
2012-05-04,112.92
2012-05-07,109.17
2012-05-08,108.97
2012-05-09,109.07
2012-05-10,109.4
2012-05-11,108.45
2012-05-14,107.91
2012-05-15,108.64
2012-05-16,107.74
2012-05-17,107.14
2012-05-18,104.5
2012-05-21,105.09
2012-05-22,105.29
2012-05-23,103.69
2012-05-24,102.3
2012-05-25,103.85
2012-05-28,104.66
2012-05-29,105
2012-05-30,103.4
2012-05-31,101.6
2012-06-01,98.45
2012-06-04,95.05
2012-06-05,95.94
2012-06-06,97.15
2012-06-07,97.5
2012-06-08,95.6
2012-06-11,98.605
2012-06-12,95.4
2012-06-13,96.09
2012-06-14,95.6
2012-06-15,96.65
2012-06-18,96.18
2012-06-19,93.8
2012-06-20,94.29
2012-06-21,90.67
2012-06-22,89.1
2012-06-25,89.8
2012-06-26,91
2012-06-27,91.25
2012-06-28,92.21
2012-06-29,92.91
2012-07-02,94.42
2012-07-03,95.21
2012-07-04,97.15
2012-07-05,98.04
2012-07-06,97.61
2012-07-09,96.5
2012-07-10,96.41
2012-07-11,96.45
2012-07-12,97.05
2012-07-13,98.35
2012-07-16,98.79
2012-07-17,100.85
2012-07-18,100.94
2012-07-19,102.79
2012-07-20,103.46
2012-07-23,99.62
2012-07-24,100.41
2012-07-25,100.22
2012-07-26,100.5
2012-07-27,102.15
2012-07-30,102.39
2012-07-31,101.89
2012-08-01,101
2012-08-02,101.77
2012-08-03,102.46
2012-08-06,104.41
2012-08-07,106
2012-08-08,106.85
2012-08-10,108.27
2012-08-13,108.59
2012-08-14,109.37
2012-08-15,109.3
2012-08-16,111.28
2012-08-17,111.05
2012-08-21,111.65
2012-08-22,111.55
2012-08-23,113.29
2012-08-24,111.51
2012-08-27,111.92
2012-08-28,109.99
2012-08-29,109.49
2012-08-30,110.25
2012-08-31,110.35
2012-09-03,111.92
2012-09-04,113.51
2012-09-05,111.5
2012-09-06,112.05
2012-09-07,111.81
2012-09-10,112.91
2012-09-11,113.1
2012-09-12,113.92
2012-09-13,113.7
2012-09-14,115.45
2012-09-17,114.75
2012-09-18,111.855
2012-09-19,110.8
2012-09-20,105.66
2012-09-21,108.25
2012-09-24,108.195
2012-09-25,108.6
2012-09-26,107.65
2012-09-27,108.1
2012-09-28,110.61
2012-10-01,109.26
2012-10-02,109.53
2012-10-03,108.23
2012-10-04,106.34
2012-10-05,109.09
2012-10-08,107.6
2012-10-09,108.9
2012-10-10,110.6
2012-10-11,111
2012-10-12,111.18
2012-10-15,110.59
2012-10-16,111.35
2012-10-17,110.95
2012-10-18,110.8
2012-10-19,110.15
2012-10-22,108.05
2012-10-23,107.25
2012-10-24,106.97
2012-10-25,107.2
2012-10-29,106.35
2012-10-30,106.88
2012-10-31,106.88
2012-11-01,106.8
2012-11-02,106.05
2012-11-05,103.35
2012-11-06,105.1
2012-11-07,108.32
2012-11-08,104.78
2012-11-09,104.86
2012-11-12,106.4
2012-11-14,105.9
2012-11-15,107.36
2012-11-16,107.25
2012-11-19,108.36
2012-11-20,109.5
2012-11-21,108.55
2012-11-22,108.75
2012-11-23,108.75
2012-11-26,109.35
2012-11-27,109.05
2012-11-28,107.7
2012-11-29,107.25
2012-11-30,109
2012-12-03,108.27
2012-12-04,107.91
2012-12-05,107.41
2012-12-06,106.01
2012-12-07,104.63
2012-12-10,104.57
2012-12-11,104.21
2012-12-12,104.81
2012-12-13,105.67
2012-12-14,105.09
2012-12-17,105.71
2012-12-18,105.76
2012-12-19,106.31
2012-12-20,106.87
2012-12-21,106.8
2012-12-24,106
2012-12-26,106.86
2012-12-27,108.15
2012-12-28,108.01
2012-12-31,107.75
2013-01-02,107.51
2013-01-03,107.71
2013-01-04,107.45
2013-01-07,106.6
2013-01-08,107.29
2013-01-09,108.02
2013-01-10,108.1
2013-01-11,107.84
2013-01-14,106.85
2013-01-15,107.4
2013-01-16,106.59
2013-01-17,106.5
2013-01-18,107.55
2013-01-21,107.89
2013-01-22,107.85
2013-01-23,108.2
2013-01-24,108.29
2013-01-25,109.15
2013-01-28,108.8
2013-01-29,108.55
2013-01-30,109.65
2013-01-31,110.83
2013-02-01,110.45
2013-02-04,111.63
2013-02-05,110.59
2013-02-06,111.61
2013-02-07,112.38
2013-02-08,112.66
2013-02-13,113.65
2013-02-14,113.27
2013-02-15,113.1
2013-02-18,112.94
2013-02-19,112
2013-02-20,112.26
2013-02-21,109.81
2013-02-22,109.54
2013-02-25,109.76
2013-02-26,108.805
2013-02-27,108.5
2013-02-28,106.75
2013-03-01,105.65
2013-03-04,104.75
2013-03-05,105.65
2013-03-06,106.85
2013-03-07,106.19
2013-03-08,106.55
2013-03-11,106.41
2013-03-12,105.5
2013-03-13,105.5
2013-03-14,104.6
2013-03-15,105.1
2013-03-18,105.01
2013-03-19,105.85
2013-03-20,104.75
2013-03-21,105.1
2013-03-22,104.1
2013-03-25,105
2013-03-26,105.15
2013-03-27,106.25
2013-03-28,107.09
2013-04-01,107.33
2013-04-02,108.36
2013-04-03,107.84
2013-04-04,105
2013-04-05,104.07
2013-04-08,103.15
2013-04-09,103.1
2013-04-10,103.72
2013-04-11,103.05
2013-04-12,101.64
2013-04-15,99.27
2013-04-16,97.9
2013-04-17,98.03
2013-04-18,96.74
2013-04-19,98.11
2013-04-22,98.25
2013-04-23,98.16
2013-04-24,99.6
2013-04-25,100.19
2013-04-26,101.05
2013-04-29,101.05
2013-04-30,101.26
2013-05-02,97.91
2013-05-03,99.92
2013-05-06,101.8
2013-05-07,101.9
2013-05-08,101.7
2013-05-09,101.23
2013-05-10,101.35
2013-05-13,100.2
2013-05-14,99.99
2013-05-15,99.25
2013-05-16,100.04
2013-05-17,100.9
2013-05-20,101.5
2013-05-21,101.4
2013-05-22,100.4
2013-05-23,98.69
2013-05-27,99.4
2013-05-28,100.4
2013-05-29,100.59
2013-05-30,99.49
2013-05-31,98.79
2013-06-03,97.55
2013-06-04,98.81
2013-06-05,100.35
2013-06-06,100.11
2013-06-07,100.61
2013-06-10,100.6
2013-06-11,100.43
2013-06-12,99.75
2013-06-13,100.12
2013-06-14,102.395
2013-06-17,103.41
2013-06-18,102.3
2013-06-19,103.3
2013-06-20,101.4
2013-06-21,100
2013-06-24,97.53
2013-06-25,99.2
2013-06-26,98.85
2013-06-27,99.36
2013-06-28,100.4
2013-07-01,99.02
2013-07-02,99.4
2013-07-03,101.05
2013-07-04,101.5
2013-07-05,101.76
2013-07-08,102.89
2013-07-09,103
2013-07-10,103.7
2013-07-11,104.1
2013-07-12,103.495
2013-07-15,104.09
2013-07-16,104.3
2013-07-17,103.9
2013-07-18,104.95
2013-07-19,105.45
2013-07-22,105.5
2013-07-23,104.8
2013-07-24,104.85
2013-07-25,104.7
2013-07-26,104.8
2013-07-29,104.7
2013-07-30,104.65
2013-07-31,104.4
2013-08-01,104.46
2013-08-02,105.81
2013-08-05,105.44
2013-08-06,104.46
2013-08-07,103.79
2013-08-12,103.89
2013-08-13,105.7
2013-08-14,105.54
2013-08-15,107.1
2013-08-16,106.85
2013-08-19,107.34
2013-08-20,106.39
2013-08-21,106.7
2013-08-22,107.6
2013-08-23,108.11
2013-08-26,108.45
2013-08-27,107.9
2013-08-28,112.21
2013-08-29,112.91
2013-08-30,111.5
2013-09-02,109.01
2013-09-03,109.8
2013-09-04,110.65
2013-09-05,110.11
2013-09-06,110.4
2013-09-09,110.7
2013-09-10,109.15
2013-09-11,108.85
2013-09-12,109.21
2013-09-13,109.41
2013-09-16,109.21
2013-09-17,107.91
2013-09-18,106.7
2013-09-19,108.85
2013-09-20,107.5
2013-09-23,106.94
2013-09-24,105.9
2013-09-25,106.6
2013-09-26,106
2013-09-27,106.1
2013-09-30,104.8
2013-10-01,104.55
2013-10-02,104.71
2013-10-03,106.01
2013-10-04,106.16
2013-10-07,105.3
2013-10-08,106.4
2013-10-09,106.81
2013-10-10,106.9
2013-10-11,108.13
2013-10-14,108.08
2013-10-16,107
2013-10-17,107.55
2013-10-18,106.7
2013-10-21,107.3
2013-10-22,107.5
2013-10-23,107.3
2013-10-24,106.5
2013-10-25,105.59
2013-10-28,105.8
2013-10-29,106.89
2013-10-30,106.91
2013-10-31,107.91
2013-11-01,107.19
2013-11-04,105.35
2013-11-05,104.9
2013-11-06,104.6
2013-11-07,103.7
2013-11-08,102.4
2013-11-11,103.55
2013-11-12,104.4
2013-11-13,104.2
2013-11-14,105.64
2013-11-15,106.59
2013-11-18,106.025
2013-11-19,106.05
2013-11-20,105.15
2013-11-21,105.86
2013-11-22,107.56
2013-11-25,106.81
2013-11-26,108.55
2013-11-27,108.66
2013-11-28,108.99
2013-11-29,108.7
2013-12-02,107.21
2013-12-03,108.21
2013-12-04,109.01
2013-12-05,108.36
2013-12-06,108.16
2013-12-09,108.42
2013-12-10,107.07
2013-12-11,107.02
2013-12-12,107.47
2013-12-13,106.26
2013-12-16,106.57
2013-12-17,106.64
2013-12-18,106.34
2013-12-19,106.99
2013-12-20,107.77
2013-12-23,109.04
2013-12-24,109.11
2013-12-26,109.09
2013-12-27,109.39
2013-12-30,108.89
2013-12-31,108.11
2014-01-02,107.8
2014-01-03,105.24
2014-01-06,104.26
2014-01-07,104.32
2014-01-08,104.35
2014-01-09,104.15
2014-01-10,104.01
2014-01-13,103.45
2014-01-14,103.2
2014-01-15,102.62
2014-01-16,103.05
2014-01-17,102.8
2014-01-20,103.2
2014-01-21,103.69
2014-01-22,103.9
2014-01-23,104.59
2014-01-24,104.3
2014-01-27,104.21
2014-01-28,103.88
2014-01-29,103.69
2014-01-30,103.705
2014-02-03,102.2
2014-02-04,101.99
2014-02-05,102.2
2014-02-06,102.59
2014-02-07,103.35
2014-02-10,104.9
2014-02-11,104.95
2014-02-12,105.2
2014-02-13,104.85
2014-02-14,105.46
2014-02-17,106.19
2014-02-18,106.06
2014-02-19,106.85
2014-02-20,106.8
2014-02-21,106.96
2014-02-24,106.45
2014-02-25,106.6
2014-02-26,105.9
2014-02-27,105.8
2014-02-28,105.41
2014-03-03,107.24
2014-03-04,106.06
2014-03-05,105.35
2014-03-06,103.96
2014-03-07,104.35
2014-03-10,104.2
2014-03-11,104.21
2014-03-12,103.8
2014-03-13,104.15
2014-03-14,103.955
2014-03-17,104.6
2014-03-18,103.45
2014-03-19,103.41
2014-03-20,102.96
2014-03-21,103.64
2014-03-24,103.6
2014-03-25,104
2014-03-26,104.3
2014-03-27,104.05
2014-03-28,104.6
2014-03-31,104.76
2014-04-01,104.05
2014-04-02,102.45
2014-04-03,101.45
2014-04-04,103.21
2014-04-07,102.3
2014-04-08,103.15
2014-04-09,104.1
2014-04-10,104.6
2014-04-11,104.15
2014-04-14,105.11
2014-04-15,105.405
2014-04-16,106.41
2014-04-17,105.85
2014-04-21,105.7
2014-04-22,106.3
2014-04-23,105.9
2014-04-24,105.76
2014-04-25,106.4
2014-04-28,106.29
2014-04-29,105.25
2014-04-30,104.5
2014-05-02,104.41
2014-05-05,104.69
2014-05-06,103.91
2014-05-07,103.59
2014-05-08,104.1
2014-05-09,105.01
2014-05-12,104.41
2014-05-14,105.7
2014-05-15,105.79
2014-05-16,105.75
2014-05-19,106.5
2014-05-20,106.12
2014-05-21,106.6
2014-05-22,106.96
2014-05-23,106.86
2014-05-26,106.6
2014-05-27,106.8
2014-05-28,106.7
2014-05-29,106.49
2014-05-30,106.3
2014-06-02,105.91
2014-06-03,105.11
2014-06-04,105.65
2014-06-05,104.5
2014-06-06,105.36
2014-06-09,105.06
2014-06-10,105.7
2014-06-11,105.995
2014-06-12,106.95
2014-06-13,109.55
2014-06-16,109.2
2014-06-17,108.75
2014-06-18,109.95
2014-06-19,110.49
2014-06-20,110.71
2014-06-23,111.16
2014-06-24,109.76
2014-06-25,110.05
2014-06-26,109.9
2014-06-27,109.7
2014-06-30,109.21
2014-07-01,109.16
2014-07-02,109.16
2014-07-03,107.71
2014-07-04,107.99
2014-07-07,107.42
2014-07-08,106.92
2014-07-09,106.1
2014-07-10,105.71
2014-07-11,105.94
2014-07-14,104.72
2014-07-15,104.7
2014-07-16,105
2014-07-17,104.95
2014-07-18,105.65
2014-07-21,104.65
2014-07-22,105.95
2014-07-23,105.05
2014-07-24,105.95
2014-07-25,105.79
2014-07-29,106.2
2014-07-30,106.1
2014-07-31,104.46
2014-08-01,104.6
2014-08-04,103.68
2014-08-05,103.69
2014-08-06,103.14
2014-08-07,103.3
2014-08-08,104.65
2014-08-11,103.19
2014-08-12,102.95
2014-08-13,101.59
2014-08-14,102.6
2014-08-15,100.4
2014-08-18,100.49
2014-08-19,99.8
2014-08-20,100.09
2014-08-21,99.29
2014-08-22,99.99
2014-08-25,100.11
2014-08-26,100.76
2014-08-27,101.2
2014-08-28,100.59
2014-08-29,100.29
2014-09-01,100.93
2014-09-02,100.19
2014-09-03,98.91
2014-09-04,99.9
2014-09-05,99.48
2014-09-08,97.8
2014-09-09,97.79
2014-09-10,96.99
2014-09-11,95.8
2014-09-12,96.81
2014-09-15,95.07
2014-09-16,95.21
2014-09-17,96.21
2014-09-18,95.8
2014-09-19,94.6
2014-09-22,94.94
2014-09-23,94.59
2014-09-24,94.39
2014-09-25,94.29
2014-09-26,94.09
2014-09-29,94
2014-09-30,94.605
2014-10-01,93.5
2014-10-02,91.8
2014-10-03,92.5
2014-10-07,91.15
2014-10-08,90.1
2014-10-09,90.5
2014-10-10,88
2014-10-13,87.7
2014-10-14,87.85
2014-10-15,83.7
2014-10-16,82.6
2014-10-17,85.05
2014-10-20,83.99
2014-10-21,83.1
2014-10-23,82.7
2014-10-24,84.3
2014-10-27,84.2
2014-10-28,83.91
2014-10-29,84.5
2014-10-30,84.4
2014-10-31,83.61
2014-11-03,82.29
2014-11-04,80.29
2014-11-05,78.7
2014-11-06,79.16
2014-11-07,79.18
2014-11-10,80.19
2014-11-11,78.09
2014-11-12,77.79
2014-11-13,76.4
2014-11-14,73.39
2014-11-17,74.19
2014-11-18,75.1
2014-11-19,74.3
2014-11-20,74.14
2014-11-21,75.75
2014-11-24,76.8
2014-11-25,75.59
2014-11-26,74.205
2014-11-27,72.14
2014-11-28,68.91
2014-12-01,65.9
2014-12-02,68.8
2014-12-03,67.99
2014-12-04,67.1
2014-12-05,66.04
2014-12-08,65.21
2014-12-09,62.41
2014-12-10,62.7
2014-12-11,61.51
2014-12-12,59.81
2014-12-15,59.41
2014-12-16,56.26
2014-12-17,55.8
2014-12-18,57.3
2014-12-19,55.4
2014-12-22,58.6
2014-12-23,56.01
2014-12-24,57.31
2014-12-29,55.69
2014-12-30,53.005
2014-12-31,52.89
2015-01-02,54.09
2015-01-05,51.4
2015-01-06,48.7
2015-01-07,45.91
2015-01-08,47.26
2015-01-09,47.2
2015-01-12,45.4
2015-01-13,42.59
2015-01-14,42.05
2015-01-15,44
2015-01-16,43.9
2015-01-19,44.8
2015-01-20,44
2015-01-21,44.15
2015-01-22,43.99
2015-01-23,45.2
2015-01-26,44.01
2015-01-27,43.71
2015-01-28,44.95
2015-01-29,44.45
2015-01-30,45.3
2015-02-02,49.11
2015-02-03,53.11
2015-02-04,54.41
2015-02-05,51.255
2015-02-06,54.7
2015-02-09,54.825
2015-02-10,55.2
2015-02-11,54.595
2015-02-12,54.21
2015-02-13,57.21
2015-02-16,57.81
2015-02-17,58.51
2015-02-18,59.5
2015-02-23,56.21
2015-02-24,55.3
2015-02-25,55.29
2015-02-26,58.1
2015-02-27,58.6
2015-03-02,59.4
2015-03-03,57.49
2015-03-04,58.01
2015-03-05,57.91
2015-03-06,58.3
2015-03-09,56.79
2015-03-10,55.64
2015-03-11,54.09
2015-03-12,55.55
2015-03-13,54.25
2015-03-16,51.84
2015-03-17,51.19
2015-03-18,50.7
2015-03-19,52.5
2015-03-20,51.73
2015-03-23,52.41
2015-03-24,53.55
2015-03-25,52.85
2015-03-26,56.89
2015-03-27,54.79
2015-03-30,53.19
2015-03-31,53.4
2015-04-01,53.39
2015-04-02,54.9
2015-04-06,54.64
2015-04-07,55.3
2015-04-08,56.09
2015-04-09,54.8
2015-04-10,54.8
2015-04-13,57.7
2015-04-14,57.29
2015-04-15,58.14
2015-04-16,60.1
2015-04-17,60.9
2015-04-20,60.99
2015-04-21,60.4
2015-04-22,59.15
2015-04-23,59.6
2015-04-24,62.5
2015-04-27,62.5
2015-04-28,61.5
2015-04-29,61.55
2015-04-30,63.3
2015-05-04,64.31
2015-05-05,64.61
2015-05-06,66.51
2015-05-07,66.15
2015-05-08,64
2015-05-11,63.7
2015-05-12,63.41
2015-05-13,65.26
2015-05-14,64.5
2015-05-15,64.09
2015-05-18,64.55
2015-05-19,62.81
2015-05-20,62.29
2015-05-21,62.61
2015-05-22,63.45
2015-05-25,62
2015-05-26,62.34
2015-05-27,62.4
2015-05-28,60.95
2015-05-29,61.2
2015-06-02,63.61
2015-06-03,63.26
2015-06-04,61.4
2015-06-05,59.65
2015-06-08,60.8
2015-06-09,61.01
2015-06-10,64.05
2015-06-11,64.05
2015-06-12,62.75
2015-06-15,61.82
2015-06-16,61.56
2015-06-17,61.85
2015-06-18,62.01
2015-06-19,62
2015-06-22,61.11
2015-06-23,61.29
2015-06-24,62.75
2015-06-25,61.7
2015-06-26,60.69
2015-06-29,60
2015-06-30,60.19
2015-07-01,61.9
2015-07-02,61.05
2015-07-03,60.4
2015-07-06,58.19
2015-07-07,56.5
2015-07-08,55.59
2015-07-09,57.2
2015-07-10,58.105
2015-07-13,57
2015-07-14,55.89
2015-07-15,56.86
2015-07-16,55.85
2015-07-20,55.71
2015-07-21,55.4
2015-07-22,55.49
2015-07-23,55.14
2015-07-24,54.29
2015-07-27,53.5
2015-07-28,52.31
2015-07-29,52.61
2015-07-30,53.61
2015-07-31,53.1
2015-08-03,51.195
2015-08-04,50.4
2015-08-05,50.3
2015-08-06,49.6
2015-08-11,50.67
2015-08-12,49.5
2015-08-13,50.1
2015-08-14,49.25
2015-08-17,48.29
2015-08-18,48.25
2015-08-19,48.4
2015-08-20,46.6
2015-08-21,45.65
2015-08-24,43.4
2015-08-25,42.81
2015-08-26,42.85
2015-08-27,44.1
2015-08-28,46.35
2015-08-31,48.41
2015-09-01,49.5
2015-09-02,46.34
2015-09-03,48.01
2015-09-04,47.95
2015-09-07,46.7
2015-09-08,45.75
2015-09-09,47.31
2015-09-10,45.5
2015-09-14,44.7
2015-09-15,43.4
2015-09-16,44.07
2015-09-17,45.45
2015-09-18,44.95
2015-09-21,43.8
2015-09-22,44.2
2015-09-23,45.34
2015-09-25,43.79
2015-09-28,43.89
2015-09-29,43.35
2015-09-30,43.5
2015-10-01,45.75
2015-10-02,45.12
2015-10-05,45.8
2015-10-06,46.41
2015-10-07,49.79
2015-10-08,48.82
2015-10-09,50.05
2015-10-12,49.66
2015-10-13,47.15
2015-10-14,46.2
2015-10-15,46.01
2015-10-16,46.5
2015-10-19,45.99
2015-10-20,44.51
2015-10-21,44.51
2015-10-22,44
2015-10-23,44.15
2015-10-26,43.85
2015-10-27,43.04
2015-10-28,43.05
2015-10-29,44.8
2015-10-30,43.29
2015-11-02,45.75
2015-11-03,44.99
2015-11-04,46.38
2015-11-05,44.91
2015-11-06,44.45
2015-11-09,43.85
2015-11-11,43.3
2015-11-12,42.1
2015-11-13,41
2015-11-16,39.61
2015-11-17,39.77
2015-11-18,39.21
2015-11-19,39.75
2015-11-20,39.26
2015-11-23,38.79
2015-11-24,40.25
2015-11-25,40.805
2015-11-26,40.5
2015-11-27,39.54
2015-11-30,39.61
2015-12-01,40.7
2015-12-02,40.21
2015-12-03,38.99
2015-12-04,39.58
2015-12-07,38.15
2015-12-08,36.46
2015-12-09,35.85
2015-12-10,35.9
2015-12-11,35.18
2015-12-14,33.47
2015-12-15,32.8
2015-12-16,33.15
2015-12-17,32.05
2015-12-18,32.21
2015-12-21,31.4
2015-12-22,31.99
2015-12-23,31.72
2015-12-24,32.84
2015-12-28,32.34
2015-12-29,31.9
2015-12-30,32.31
2015-12-31,31.81
2016-01-04,32.4
2016-01-05,31.2
2016-01-06,30.2
2016-01-07,27.35
2016-01-08,29.2
2016-01-11,28.1
2016-01-12,26.5
2016-01-13,26.6
2016-01-14,25.3
2016-01-15,25.55
2016-01-18,23.69
2016-01-19,23.8
2016-01-20,22.85
2016-01-21,22.8
2016-01-22,25.07
2016-01-25,26.12
2016-01-26,24.5
2016-01-27,26.3
2016-01-28,28.4
2016-01-29,30.26
2016-02-01,30.92
2016-02-02,29.35
2016-02-03,28.8
2016-02-04,30.8
2016-02-05,30.1
2016-02-10,26.64
2016-02-11,25.85
2016-02-12,26.65
2016-02-15,29.1
2016-02-16,31.29
2016-02-17,28.04
2016-02-18,30.8
2016-02-19,30.21
2016-02-22,29.5
2016-02-23,29.71
2016-02-24,28.8
2016-02-25,29.8
2016-02-26,30.49
2016-02-29,29.9
2016-03-01,31.9
2016-03-02,31.89
2016-03-03,31.72
2016-03-04,32.25
2016-03-07,34.41
2016-03-08,35.66
2016-03-09,35.03
2016-03-10,35.91
2016-03-11,36.05
2016-03-14,35.29
